Time,Time Code,Country Name,Country Code,"Life expectancy at birth, total (years) [SP.DYN.LE00.IN]",Domestic general government health expenditure (% of GDP) [SH.XPD.GHED.GD.ZS],Final consumption expenditure (% of GDP) [NE.CON.TOTL.ZS],GDP growth (annual %) [NY.GDP.MKTP.KD.ZG]
1996,YR1996,Algeria,DZA,68.919,..,68.5058363255868,4.09999846987672
1996,YR1996,Angola,AGO,45.35,..,..,13.5443697551026
1996,YR1996,Cameroon,CMR,51.238,..,79.2944363436348,4.36108651788504
1996,YR1996,Chad,TCD,47.498,..,90.8395854879423,2.21447303467441
1996,YR1996,Central African Republic,CAF,45.922,..,96.8686110432209,-4.00009296364789
1996,YR1996,"Congo, Rep.",COG,52.252,..,58.7026698468877,4.29048155564075
1996,YR1996,Cote d'Ivoire,CIV,51.109,..,79.2052131485991,7.72932742178315
1996,YR1996,Ethiopia,ETH,49.81,..,..,12.4261737774646
1996,YR1996,"Gambia, The",GMB,54.296,..,104.87409036006,2.22354563838627
1996,YR1996,Ghana,GHA,57.366,..,86.7805833120199,4.60246109029805
1996,YR1996,Guinea,GIN,51.727,..,84.3553286665566,4.46157508525079
1996,YR1996,Guinea-Bissau,GNB,48.973,..,98.2592879581218,11.5999999962809
1996,YR1996,Kenya,KEN,52.709,..,91.2501199131393,4.14683926716712
1996,YR1996,Liberia,LBR,49.163,..,..,..
1996,YR1996,Libya,LBY,70.169,..,79.7372742200328,..
1996,YR1996,Mali,MLI,46.658,..,95.2774570733334,7.05578540412266
1996,YR1996,Namibia,NAM,57.179,..,84.2662064261509,3.19132427996205
1996,YR1996,Niger,NER,47.307,..,91.2808554104483,0.100530504415914
1996,YR1996,Rwanda,RWA,35.38,..,105.796900372769,12.7456957629035
1996,YR1996,Senegal,SEN,57.342,..,94.0461895615597,2.01212511329784
1996,YR1996,Morocco,MAR,67.175,..,78.9521529193247,12.3728762760077
1996,YR1996,Tunisia,TUN,71.921,..,76.4878345562589,7.14608083868313
1996,YR1996,Zambia,ZMB,43.735,..,..,6.21854648894293
1996,YR1996,Zimbabwe,ZWE,49.009,..,80.3410478197579,10.3606967698065
1996,YR1996,Benin,BEN,55.17,..,85.9690003654251,4.32428403143135
1996,YR1996,Botswana,BWA,53.572,..,61.5554548895742,5.82980007842275
1997,YR1997,Algeria,DZA,69.323,..,67.9843217118952,1.09999993912393
1997,YR1997,Angola,AGO,45.519,..,..,7.27427735460373
1997,YR1997,Cameroon,CMR,51.009,..,78.757372649653,5.23132070868648
1997,YR1997,Chad,TCD,47.559,..,92.9304077214569,5.65339232788355
1997,YR1997,Central African Republic,CAF,45.353,..,91.9697587017728,5.29993601826074
1997,YR1997,"Congo, Rep.",COG,52.016,..,62.3301143320794,-0.624812149505942
1997,YR1997,Cote d'Ivoire,CIV,50.657,..,78.3231187560802,3.74355314434951
1997,YR1997,Ethiopia,ETH,50.32,..,..,3.13390685087593
1997,YR1997,"Gambia, The",GMB,54.715,..,93.9685387230604,4.89999910999681
1997,YR1997,Ghana,GHA,57.187,..,95.7750364901441,4.19635745801085
1997,YR1997,Guinea,GIN,51.616,..,82.2715758285502,5.18160345862306
1997,YR1997,Guinea-Bissau,GNB,49.301,..,94.8671165906408,6.5
1997,YR1997,Kenya,KEN,52.014,..,92.7156882981334,0.474901920484101
1997,YR1997,Liberia,LBR,49.963,..,..,..
1997,YR1997,Libya,LBY,70.352,..,82.6984239168846,..
1997,YR1997,Mali,MLI,46.823,..,88.449432301273,4.82902433934804
1997,YR1997,Namibia,NAM,55.806,..,87.3804044900215,4.2201005034126
1997,YR1997,Niger,NER,47.97,..,92.4684015484658,1.52747571169147
1997,YR1997,Rwanda,RWA,39.838,..,104.062999394811,13.8497524864152
1997,YR1997,Senegal,SEN,57.323,..,91.4464824775331,3.12403328229922
1997,YR1997,Morocco,MAR,67.508,..,78.3802551469045,-1.56070235606454
1997,YR1997,Tunisia,TUN,72.282,..,77.8136631885422,5.44094343647359
1997,YR1997,Zambia,ZMB,43.461,..,..,3.81400749718355
1997,YR1997,Zimbabwe,ZWE,47.661,..,89.863682016574,2.68059417373978
1997,YR1997,Benin,BEN,55.133,..,85.8145039885821,5.73468837672691
1997,YR1997,Botswana,BWA,52.749,..,63.634478769956,8.32589089842865
1998,YR1998,Algeria,DZA,69.745,..,72.789259292781,5.10000360974934
1998,YR1998,Angola,AGO,45.763,..,..,4.69114645093552
1998,YR1998,Cameroon,CMR,50.885,..,78.7312828651533,4.50229124101837
1998,YR1998,Chad,TCD,47.61,..,95.8801329083379,6.95157991354007
1998,YR1998,Central African Republic,CAF,44.857,..,94.7229898209689,4.70014237879329
1998,YR1998,"Congo, Rep.",COG,51.899,..,69.6657664550909,3.73755276986078
1998,YR1998,Cote d'Ivoire,CIV,50.242,..,78.8530650930073,4.93067962774325
1998,YR1998,Ethiopia,ETH,50.835,..,..,-3.45813913371742
1998,YR1998,"Gambia, The",GMB,55.133,..,98.4106833942656,3.49999870205306
1998,YR1998,Ghana,GHA,57.045,..,89.7474502775208,4.70039084358827
1998,YR1998,Guinea,GIN,51.456,..,86.4303682904727,3.64412124246908
1998,YR1998,Guinea-Bissau,GNB,49.642,..,110.064138669951,-28.0999797293575
1998,YR1998,Kenya,KEN,51.448,..,93.9439699805432,3.29021372309346
1998,YR1998,Liberia,LBR,50.657,..,..,..
1998,YR1998,Libya,LBY,70.522,..,89.554230105164,..
1998,YR1998,Mali,MLI,47.103,..,87.8661286031756,7.57166763990284
1998,YR1998,Namibia,NAM,54.462,..,85.8974911389552,3.29158544168482
1998,YR1998,Niger,NER,48.627,..,92.4529206925904,9.97261495738191
1998,YR1998,Rwanda,RWA,43.686,..,102.816670697524,8.85866949071041
1998,YR1998,Senegal,SEN,57.376,..,91.050009257303,5.89867256345617
1998,YR1998,Morocco,MAR,67.86,..,76.1850125913404,7.23855268965383
1998,YR1998,Tunisia,TUN,72.608,..,78.0227570234619,4.78376257190578
1998,YR1998,Zambia,ZMB,43.413,..,..,-0.38574614579035
1998,YR1998,Zimbabwe,ZWE,46.466,..,80.9774109780801,2.88521180627896
1998,YR1998,Benin,BEN,55.139,..,87.2525891112791,3.96101213801565
1998,YR1998,Botswana,BWA,51.947,..,66.9823157478759,0.443663480338245
1999,YR1999,Algeria,DZA,70.183,..,68.3812015201047,3.2000015515371
1999,YR1999,Angola,AGO,46.093,..,..,2.18148971840458
1999,YR1999,Cameroon,CMR,50.878,..,79.9259978429991,4.29201694525003
1999,YR1999,Chad,TCD,47.657,..,100.180125626457,-0.682850217297741
1999,YR1999,Central African Republic,CAF,44.461,..,91.8030645440478,3.59997490432274
1999,YR1999,"Congo, Rep.",COG,51.925,..,51.9740831021873,-2.58219935747215
1999,YR1999,Cote d'Ivoire,CIV,49.891,..,80.9628011337107,1.61752744308336
1999,YR1999,Ethiopia,ETH,51.366,..,..,5.16214582105535
1999,YR1999,"Gambia, The",GMB,55.547,..,97.5996265258464,6.39999905009302
1999,YR1999,Ghana,GHA,56.972,..,96.5478916218817,4.39999688631812
1999,YR1999,Guinea,GIN,51.295,..,84.5450628681148,3.81200403459002
1999,YR1999,Guinea-Bissau,GNB,49.999,..,101.155294241603,1.02553740859297
1999,YR1999,Kenya,KEN,51.059,..,94.3333262434622,2.30538859591873
1999,YR1999,Liberia,LBR,51.234,..,..,..
1999,YR1999,Libya,LBY,70.684,..,69.6152463142754,..
1999,YR1999,Mali,MLI,47.515,..,91.6312270031923,5.70094365419142
1999,YR1999,Namibia,NAM,53.231,..,85.9857791620608,3.36927854630144
1999,YR1999,Niger,NER,49.279,..,94.8644225502272,-0.219562519100208
1999,YR1999,Rwanda,RWA,46.639,..,104.486201588264,4.35188832563938
1999,YR1999,Senegal,SEN,57.523,..,89.1044034490473,6.34711579464475
1999,YR1999,Morocco,MAR,68.245,..,77.8454749256881,1.08133256173805
1999,YR1999,Tunisia,TUN,72.904,..,77.326773418382,6.05463451545285
1999,YR1999,Zambia,ZMB,43.594,..,..,4.6501897463741
1999,YR1999,Zimbabwe,ZWE,45.461,..,81.7092183740506,-0.817821016282892
1999,YR1999,Benin,BEN,55.218,..,90.1456438366695,5.34144937202629
1999,YR1999,Botswana,BWA,51.214,..,60.1181322797637,9.66724074151197
2000,YR2000,Algeria,DZA,70.64,2.51082778,55.1550073929681,3.80000000000086
2000,YR2000,Angola,AGO,46.522,1.11098742,42.6822281083192,3.05462423430785
2000,YR2000,Cameroon,CMR,50.993,0.67430598,79.0518813793557,3.55337436416127
2000,YR2000,Chad,TCD,47.713,2.07503939,94.5170769303325,-0.879681025444839
2000,YR2000,Central African Republic,CAF,44.19,1.71569252,93.8429509669707,-2.48943244028874
2000,YR2000,"Congo, Rep.",COG,52.123,0.57930231,35.0725837600872,7.57598039215692
2000,YR2000,Cote d'Ivoire,CIV,49.635,0.8112601,82.9068868634462,-2.06840005722563
2000,YR2000,Ethiopia,ETH,51.941,1.79956126,..,6.07321747957957
2000,YR2000,"Gambia, The",GMB,55.956,0.58467138,101.103485963145,5.50000021632955
2000,YR2000,Ghana,GHA,57.002,0.77592826,94.4453144277691,3.70000003991548
2000,YR2000,Guinea,GIN,51.203,0.30125162,83.9611833101753,2.50306056156042
2000,YR2000,Guinea-Bissau,GNB,50.368,3.47657657,106.890476257328,5.42698736686769
2000,YR2000,Kenya,KEN,50.921,1.32658839,93.3450638218568,0.599695391613636
2000,YR2000,Liberia,LBR,51.734,0.74416834,100.060491990847,..
2000,YR2000,Libya,LBY,70.852,1.66848433,59.0654014896439,3.67921329264158
2000,YR2000,Mali,MLI,48.069,1.28954971,93.2897369653171,-0.0608349718131223
2000,YR2000,Namibia,NAM,52.192,4.85066414,85.9060419080217,3.49218322001958
2000,YR2000,Niger,NER,49.928,1.53187096,92.8911854025316,-1.20847774291381
2000,YR2000,Rwanda,RWA,48.649,0.77055204,104.368598481372,8.37091824035809
2000,YR2000,Senegal,SEN,57.787,1.26322365,88.8306791981131,3.19898803557805
2000,YR2000,Morocco,MAR,68.684,0.98038715,79.231266299793,1.91287298063767
2000,YR2000,Tunisia,TUN,73.172,2.65892363,77.2801554701647,4.70985994539875
2000,YR2000,Zambia,ZMB,44,3.18158054,..,3.89732294341896
2000,YR2000,Zimbabwe,ZWE,44.649,..,84.1784782014164,-3.05918976180379
2000,YR2000,Benin,BEN,55.391,0.80706608,90.1291240980733,5.85771420543269
2000,YR2000,Botswana,BWA,50.629,3.19477272,58.2247747274888,1.98769585438754
2001,YR2001,Algeria,DZA,71.116,2.9254992,58.4864827397605,2.99999999999967
2001,YR2001,Angola,AGO,47.059,2.04631472,69.0646882869939,4.2059985561951
2001,YR2001,Cameroon,CMR,51.222,0.82336038,79.6971350004553,4.36808424217003
2001,YR2001,Chad,TCD,47.789,1.84510911,94.7399560381516,11.658134654294
2001,YR2001,Central African Republic,CAF,44.061,1.50919104,95.1752219793463,4.46473902640867
2001,YR2001,"Congo, Rep.",COG,52.517,1.04926884,47.8496479470781,3.80260190016159
2001,YR2001,Cote d'Ivoire,CIV,49.495,0.70466495,81.8087901656856,0.121371915505208
2001,YR2001,Ethiopia,ETH,52.595,2.0154388,..,8.30130632052328
2001,YR2001,"Gambia, The",GMB,56.359,0.59348536,92.5713742398423,5.80000024323377
2001,YR2001,Ghana,GHA,57.158,1.06371319,92.9803996249084,4.00000009859845
2001,YR2001,Guinea,GIN,51.255,0.37107071,84.9623889960781,3.65834647070444
2001,YR2001,Guinea-Bissau,GNB,50.744,3.20359182,101.527476030672,2.18890681470731
2001,YR2001,Kenya,KEN,51.101,1.39980793,95.543220537511,3.77990649628987
2001,YR2001,Liberia,LBR,52.236,0.79567146,71.3416445916115,2.92027296876944
2001,YR2001,Libya,LBY,71.038,2.20700526,62.5920542635659,-1.76287816843826
2001,YR2001,Mali,MLI,48.758,1.05058444,87.0864124216748,15.3762394579174
2001,YR2001,Namibia,NAM,51.399,4.9487524,89.2773843699708,1.17794878199666
2001,YR2001,Niger,NER,50.584,1.54130769,92.3095917813623,7.26813490346487
2001,YR2001,Rwanda,RWA,49.936,0.8194021,101.769361973697,8.48456413624848
2001,YR2001,Senegal,SEN,58.177,1.4907943,90.6483712256976,4.5809164417791
2001,YR2001,Morocco,MAR,69.193,1.08517265,75.3849719258396,7.31996745420717
2001,YR2001,Tunisia,TUN,73.415,2.66107702,77.7392783456444,3.7961838271068
2001,YR2001,Zambia,ZMB,44.615,3.1055932,..,5.31686827418419
2001,YR2001,Zimbabwe,ZWE,44.01,..,87.7135733493187,1.43961538448976
2001,YR2001,Benin,BEN,55.668,0.92711991,90.7672837211416,5.33313570603937
2001,YR2001,Botswana,BWA,50.281,3.4867301,57.9413021309241,0.250573866722732
2002,YR2002,Algeria,DZA,71.605,2.8079257,59.4717728294828,5.5999999999997
2002,YR2002,Angola,AGO,47.702,1.30862701,60.6384273766316,13.6656865230232
2002,YR2002,Cameroon,CMR,51.536,0.95179147,80.4255837261025,4.23720367718512
2002,YR2002,Chad,TCD,47.9,2.09572434,140.814753626897,8.49120981898056
2002,YR2002,Central African Republic,CAF,44.063,1.42251301,94.5582661727041,3.61654219150596
2002,YR2002,"Congo, Rep.",COG,53.091,0.47630361,48.0909213929403,4.58187006145745
2002,YR2002,Cote d'Ivoire,CIV,49.475,0.75098735,79.030305298015,-1.66764213810366
2002,YR2002,Ethiopia,ETH,53.349,2.08123207,..,1.51472570631101
2002,YR2002,"Gambia, The",GMB,56.761,0.52695286,98.4408158181158,-3.25000014970206
2002,YR2002,Ghana,GHA,57.425,0.6973545,92.5567393884818,4.49999957793014
2002,YR2002,Guinea,GIN,51.484,0.640118,87.9543050952211,5.16460946559741
2002,YR2002,Guinea-Bissau,GNB,51.123,2.02882671,99.9110353714834,-0.985177524991386
2002,YR2002,Kenya,KEN,51.606,1.50157237,95.692470249852,0.546859529994521
2002,YR2002,Liberia,LBR,52.826,0.49771684,62.3167529665588,3.76301828164682
2002,YR2002,Libya,LBY,71.244,3.27200246,69.2603413809011,-0.958849380743104
2002,YR2002,Mali,MLI,49.54,1.10650802,85.9086181582555,3.10630825205686
2002,YR2002,Namibia,NAM,50.862,5.16812229,85.1772167500154,4.78866124685841
2002,YR2002,Niger,NER,51.256,1.61420298,92.3707666662745,4.91847057769431
2002,YR2002,Rwanda,RWA,50.987,0.88916981,102.572331095469,13.1920726634078
2002,YR2002,Senegal,SEN,58.675,1.38332558,93.2403478686943,0.654803647565075
2002,YR2002,Morocco,MAR,69.769,1.22339368,75.4872291854229,3.12144965600538
2002,YR2002,Tunisia,TUN,73.638,2.7802453,79.9613390311658,1.32256361779682
2002,YR2002,Zambia,ZMB,45.4,2.9581449,..,4.50601428032604
2002,YR2002,Zimbabwe,ZWE,43.523,..,98.1377525647432,-8.89402363304285
2002,YR2002,Benin,BEN,56.025,0.72565293,89.4814941311234,4.64303087074482
2002,YR2002,Botswana,BWA,50.232,3.73317742,59.7544746629475,6.06953086765014
2003,YR2003,Algeria,DZA,72.101,2.7617898,55.286442834236,7.20000000000044
2003,YR2003,Angola,AGO,48.44,1.46559668,64.8074388096826,2.98985001039553
2003,YR2003,Cameroon,CMR,51.908,0.93935841,82.1040034825363,4.56719525637388
2003,YR2003,Chad,TCD,48.057,1.73683143,81.4781716390932,14.7216670121033
2003,YR2003,Central African Republic,CAF,44.182,1.54262125,93.3544363419142,-5.39748521855877
2003,YR2003,"Congo, Rep.",COG,53.817,0.5527131,42.506372979624,0.813264074715491
2003,YR2003,Cote d'Ivoire,CIV,49.572,0.7125566,80.6921537977667,-1.3595359429474
2003,YR2003,Ethiopia,ETH,54.211,2.27636671,..,-2.16135972205798
2003,YR2003,"Gambia, The",GMB,57.159,0.5704515,96.0864630825385,6.86999962173842
2003,YR2003,Ghana,GHA,57.785,0.82477731,92.9921324350756,5.20000007397465
2003,YR2003,Guinea,GIN,51.901,0.42212996,77.6119573728795,1.24860126019659
2003,YR2003,Guinea-Bissau,GNB,51.501,2.67283154,99.4169634169685,0.568510176088452
2003,YR2003,Kenya,KEN,52.41,1.48841918,95.2504987709647,2.93247554619272
2003,YR2003,Liberia,LBR,53.554,0.50698507,76.0072192513369,-30.1451325892167
2003,YR2003,Libya,LBY,71.466,2.71631241,46.4198182629387,13.0160010757026
2003,YR2003,Mali,MLI,50.373,1.41219854,86.2776249435858,9.1190419953243
2003,YR2003,Namibia,NAM,50.589,5.27504635,90.1532874745938,4.23979428972059
2003,YR2003,Niger,NER,51.95,1.36935258,92.9040495051064,2.17061038136789
2003,YR2003,Rwanda,RWA,52.178,2.66805673,100.579138824569,2.20236553067244
2003,YR2003,Senegal,SEN,59.259,1.55609691,89.8377530403402,6.68322817784941
2003,YR2003,Morocco,MAR,70.399,1.24859071,74.2848534988662,5.96116215478284
2003,YR2003,Tunisia,TUN,73.842,2.80898786,80.09996240102,4.70241181486099
2003,YR2003,Zambia,ZMB,46.322,2.44050002,..,6.94497398221223
2003,YR2003,Zimbabwe,ZWE,43.195,..,97.6578690541459,-16.9950746940262
2003,YR2003,Benin,BEN,56.436,0.66474718,89.1638439617269,3.44357677591658
2003,YR2003,Botswana,BWA,50.518,3.58005309,60.5853773198657,4.62589479191556
2004,YR2004,Algeria,DZA,72.594,2.52882028,52.3314290490814,4.29999999999957
2004,YR2004,Angola,AGO,49.263,1.68663394,55.925542659498,10.9528617687103
2004,YR2004,Cameroon,CMR,52.321,0.76064533,79.1573111596051,6.78095592377319
2004,YR2004,Chad,TCD,48.27,1.91793466,75.4670028940892,33.6293718524659
2004,YR2004,Central African Republic,CAF,44.413,1.47370827,98.4359736180171,5.99488422798696
2004,YR2004,"Congo, Rep.",COG,54.667,0.47685215,50.5039615888916,3.47663162277495
2004,YR2004,Cote d'Ivoire,CIV,49.788,0.77398419,82.5131325281918,1.23177283994625
2004,YR2004,Ethiopia,ETH,55.174,1.32524514,..,13.5726031368695
2004,YR2004,"Gambia, The",GMB,57.553,0.75893098,98.6673233364016,7.05000000064635
2004,YR2004,Ghana,GHA,58.225,0.72471851,92.6861761685842,5.59999998938594
2004,YR2004,Guinea,GIN,52.499,0.24164158,80.4630132492951,2.34011731256672
2004,YR2004,Guinea-Bissau,GNB,51.883,3.61286139,102.827223329068,2.76140199048032
2004,YR2004,Kenya,KEN,53.475,1.41600454,93.3847538586974,5.10429977568934
2004,YR2004,Liberia,LBR,54.422,0.69138062,233.979353400223,2.61984768599231
2004,YR2004,Libya,LBY,71.693,2.29707551,48.3891771755034,4.46162998215347
2004,YR2004,Mali,MLI,51.224,1.58778358,86.3282286240371,1.55999866053489
2004,YR2004,Namibia,NAM,50.6,4.97990847,82.6756076870783,12.2695481650741
2004,YR2004,Niger,NER,52.668,1.52508032,95.9497909596354,0.363801580159446
2004,YR2004,Rwanda,RWA,53.595,2.19401336,98.2993512072588,7.44767967642932
2004,YR2004,Senegal,SEN,59.912,1.60957205,91.0050119662665,5.87077221306964
2004,YR2004,Morocco,MAR,71.067,1.2867744,74.4471433937359,4.79701836216324
2004,YR2004,Tunisia,TUN,74.034,2.78806877,79.227366588909,6.23579386934145
2004,YR2004,Zambia,ZMB,47.354,2.41501522,..,7.03239511515218
2004,YR2004,Zimbabwe,ZWE,43.065,..,102.590895711973,-5.80753805534708
2004,YR2004,Benin,BEN,56.887,0.7316609,87.6572783159972,4.42968455385082
2004,YR2004,Botswana,BWA,51.15,3.38186216,60.3186199597083,2.70582173663567
2005,YR2005,Algeria,DZA,73.072,2.24167275,45.2117896013031,5.89999999999995
2005,YR2005,Angola,AGO,50.165,1.27875817,47.9818468001013,15.0289153175302
2005,YR2005,Cameroon,CMR,52.76,0.70870489,79.8129241710347,2.02066230714679
2005,YR2005,Chad,TCD,48.549,1.42994523,69.1878899159503,17.3325337350837
2005,YR2005,Central African Republic,CAF,44.744,1.02712536,98.2576578926477,0.908210514871953
2005,YR2005,"Congo, Rep.",COG,55.6,0.47191623,43.6047262774191,7.75575897797009
2005,YR2005,Cote d'Ivoire,CIV,50.12,0.73135251,82.4619510849995,1.72124736749562
2005,YR2005,Ethiopia,ETH,56.223,1.72823131,..,11.8187659466494
2005,YR2005,"Gambia, The",GMB,57.939,0.79390073,101.229260609263,-2.35172936176019
2005,YR2005,Ghana,GHA,58.719,1.46986449,96.2709992103705,5.90000391619385
2005,YR2005,Guinea,GIN,53.238,0.26129073,80.7905879167288,2.99727256153359
2005,YR2005,Guinea-Bissau,GNB,52.275,3.00657678,104.084588195764,4.26609893145407
2005,YR2005,Kenya,KEN,54.732,1.48269212,92.779600558018,5.90666608168013
2005,YR2005,Liberia,LBR,55.393,0.57205629,232.727239199157,5.28121207141162
2005,YR2005,Libya,LBY,71.902,1.67952847,35.763199638313,11.870728929385
2005,YR2005,Mali,MLI,52.057,1.39691997,87.2656953208128,6.53477877481288
2005,YR2005,Namibia,NAM,50.931,4.54677391,78.6975559057944,2.52926259631576
2005,YR2005,Niger,NER,53.411,2.48984742,90.1894795292959,7.3318688412182
2005,YR2005,Rwanda,RWA,55.254,1.83512509,97.6748066158554,9.37789942475413
2005,YR2005,Senegal,SEN,60.62,1.59242606,90.9204688648518,5.62260685646076
2005,YR2005,Morocco,MAR,71.746,1.23509276,75.7969287660108,3.29163968433596
2005,YR2005,Tunisia,TUN,74.217,2.74298906,78.7072197941296,3.48653581548525
2005,YR2005,Zambia,ZMB,48.496,1.83118653,..,7.23559900655543
2005,YR2005,Zimbabwe,ZWE,43.241,..,107.421235960038,-5.71108367972599
2005,YR2005,Benin,BEN,57.355,0.68285859,90.0426055929059,1.71316456361184
2005,YR2005,Botswana,BWA,52.13,2.84126186,57.5074854086745,4.55664565732845
2006,YR2006,Algeria,DZA,73.521,2.29699564,42.9381717897389,1.70000000000063
2006,YR2006,Angola,AGO,51.143,1.44411969,44.388661401761,11.5476831781633
2006,YR2006,Cameroon,CMR,53.215,0.69953054,79.7211069761789,3.45766879254916
2006,YR2006,Chad,TCD,48.907,0.99528432,78.5514652620599,0.648262014094513
2006,YR2006,Central African Republic,CAF,45.158,1.20995021,97.529706840135,4.77108543044105
2006,YR2006,"Congo, Rep.",COG,56.573,0.57888615,42.3890472754417,7.98623836334291
2006,YR2006,Cote d'Ivoire,CIV,50.561,0.77103591,82.4130620973048,1.51584236326204
2006,YR2006,Ethiopia,ETH,57.334,1.12013268,..,10.834727065877
2006,YR2006,"Gambia, The",GMB,58.313,0.85979617,94.1846737279843,-0.555580977246521
2006,YR2006,Ghana,GHA,59.234,1.47501886,92.583082634712,6.39991250176021
2006,YR2006,Guinea,GIN,54.052,0.24835719,97.1742804647643,1.16442152286278
2006,YR2006,Guinea-Bissau,GNB,52.691,2.73923945,104.76113963686,2.30935799764794
2006,YR2006,Kenya,KEN,56.093,1.45845544,90.5787788775865,6.47249429862482
2006,YR2006,Liberia,LBR,56.4,0.69581878,192.791724754245,8.04390624754487
2006,YR2006,Libya,LBY,72.063,1.64355707,34.749023518657,6.50054722695921
2006,YR2006,Mali,MLI,52.839,1.22498989,82.9263350866461,4.66218687758322
2006,YR2006,Namibia,NAM,51.609,4.16533232,77.0275391906104,7.07317529899649
2006,YR2006,Niger,NER,54.18,2.67467499,88.9819894718174,5.93104997409573
2006,YR2006,Rwanda,RWA,57.083,1.54093647,96.4759321026891,9.22707787388097
2006,YR2006,Senegal,SEN,61.365,1.73548985,92.7676553162127,2.4615702538924
2006,YR2006,Morocco,MAR,72.403,1.82198548,75.0832643761001,7.57463164458541
2006,YR2006,Tunisia,TUN,74.391,2.81285,78.4318267745101,5.24419518465966
2006,YR2006,Zambia,ZMB,49.757,1.72526336,..,7.90369444480079
2006,YR2006,Zimbabwe,ZWE,43.853,..,109.337150329732,-3.46149519231606
2006,YR2006,Benin,BEN,57.817,0.71946436,90.7853792723413,3.94373882815798
2006,YR2006,Botswana,BWA,53.435,2.73089552,55.7688079434244,8.36387106895727
2007,YR2007,Algeria,DZA,73.936,2.66687322,43.3323061997207,3.39999999999938
2007,YR2007,Angola,AGO,52.177,1.72198772,46.5179217930882,14.0100182426328
2007,YR2007,Cameroon,CMR,53.681,0.60788524,79.8817400507084,4.90220173244047
2007,YR2007,Chad,TCD,49.335,1.02256596,73.408839525799,3.27149957888643
2007,YR2007,Central African Republic,CAF,45.636,1.25984097,98.662994861029,4.60753485452028
2007,YR2007,"Congo, Rep.",COG,57.541,0.69186974,50.562147899302,-6.61399480441001
2007,YR2007,Cote d'Ivoire,CIV,51.091,0.81319094,84.7557171368413,1.76503678407167
2007,YR2007,Ethiopia,ETH,58.467,1.33306742,..,11.4561670000236
2007,YR2007,"Gambia, The",GMB,58.671,0.68640298,95.2008205435473,3.04324950829739
2007,YR2007,Ghana,GHA,59.741,1.64793336,100.919596088669,4.34681916414681
2007,YR2007,Guinea,GIN,54.864,0.24066733,100.599445159278,6.82747442663229
2007,YR2007,Guinea-Bissau,GNB,53.136,2.82216668,101.239772038433,3.26295545608291
2007,YR2007,Kenya,KEN,57.463,1.55638564,89.4842724262777,6.85072977063138
2007,YR2007,Liberia,LBR,57.365,0.80540311,241.973940276766,9.53527986916075
2007,YR2007,Libya,LBY,72.155,1.62192392,37.8162025197663,6.35231699447935
2007,YR2007,Mali,MLI,53.553,0.99788839,84.4713868811702,3.49361681253744
2007,YR2007,Namibia,NAM,52.593,4.68895483,80.970854008819,5.37404411314697
2007,YR2007,Niger,NER,54.968,2.00112176,90.4559416246922,3.1427240837201
2007,YR2007,Rwanda,RWA,58.915,1.83359385,91.8494385212686,7.63328120813598
2007,YR2007,Senegal,SEN,62.126,1.28992605,95.1982802329979,4.93848508271564
2007,YR2007,Morocco,MAR,73.009,2.20344329,75.4584343582537,3.53159415154489
2007,YR2007,Tunisia,TUN,74.558,2.89786363,78.1020843696346,6.70962039184595
2007,YR2007,Zambia,ZMB,51.134,0.97808874,..,8.35243624447406
2007,YR2007,Zimbabwe,ZWE,44.947,..,101.492404472975,-3.6533268588292
2007,YR2007,Benin,BEN,58.255,0.59594429,88.6512158649324,5.98634932177609
2007,YR2007,Botswana,BWA,54.983,3.02309442,57.2391463600799,8.27676379346968
2008,YR2008,Algeria,DZA,74.311,3.02516055,43.3894045121287,2.40000000000033
2008,YR2008,Angola,AGO,53.243,2.1384356,45.6105973341597,11.1661383303614
2008,YR2008,Cameroon,CMR,54.153,0.57561034,79.7540257254085,3.48880091903693
2008,YR2008,Chad,TCD,49.82,0.7947852,73.0216304298911,3.05269153196828
2008,YR2008,Central African Republic,CAF,46.161,0.73575854,99.7018086518345,2.05413096200485
2008,YR2008,"Congo, Rep.",COG,58.466,1.25342071,44.2312374310434,6.30637595585259
2008,YR2008,Cote d'Ivoire,CIV,51.682,0.83403754,80.9735030475551,2.54284147638732
2008,YR2008,Ethiopia,ETH,59.581,0.51424921,..,10.7885216853725
2008,YR2008,"Gambia, The",GMB,59.012,0.70842141,102.895966482442,6.25590553394287
2008,YR2008,Ghana,GHA,60.216,1.75858676,102.963368609768,9.14979897526671
2008,YR2008,Guinea,GIN,55.614,0.26959306,94.685621694369,4.13661615308007
2008,YR2008,Guinea-Bissau,GNB,53.612,2.51203084,100.154791669357,3.20356730693297
2008,YR2008,Kenya,KEN,58.76,1.63804686,91.0015392310611,0.232282745665941
2008,YR2008,Liberia,LBR,58.229,1.32956541,190.834571263036,7.14568899817137
2008,YR2008,Libya,LBY,72.174,1.78327763,32.2888628370457,2.66735578975754
2008,YR2008,Mali,MLI,54.193,0.71520597,88.5806657507325,4.77314508142975
2008,YR2008,Namibia,NAM,53.817,4.13121605,84.6653914731134,2.64981198016687
2008,YR2008,Niger,NER,55.764,2.08045435,86.9066718136862,7.73141422930821
2008,YR2008,Rwanda,RWA,60.612,1.90813518,93.802991255174,11.161243240151
2008,YR2008,Senegal,SEN,62.88,1.37295449,95.8183744517311,4.05637572690981
2008,YR2008,Morocco,MAR,73.546,2.12861419,75.0989945031724,5.92327768597593
2008,YR2008,Tunisia,TUN,74.72,2.94017267,77.5122223066596,4.23777683573509
2008,YR2008,Zambia,ZMB,52.606,0.57981902,..,7.77389581542363
2008,YR2008,Zimbabwe,ZWE,46.504,..,121.46003349682,-17.6689462852054
2008,YR2008,Benin,BEN,58.654,0.56289971,89.7534962625964,4.89657708429647
2008,YR2008,Botswana,BWA,56.679,3.59624434,64.4207118732644,6.24543736290879
2009,YR2009,Algeria,DZA,74.644,3.80002403,53.7045629696391,1.60000000000007
2009,YR2009,Angola,AGO,54.311,2.60045791,62.1106774918708,0.858712615098284
2009,YR2009,Cameroon,CMR,54.627,0.47870493,81.3038305592338,2.19866410193433
2009,YR2009,Chad,TCD,50.346,0.92546761,76.601676557001,4.21769555189633
2009,YR2009,Central African Republic,CAF,46.719,0.68961751,94.0315404267924,8.58726042640994
2009,YR2009,"Congo, Rep.",COG,59.321,0.64055246,52.2974306355575,11.6372888615758
2009,YR2009,Cote d'Ivoire,CIV,52.313,0.92367828,80.3734897718847,3.25145371844513
2009,YR2009,Ethiopia,ETH,60.645,0.90700716,..,8.80255319782566
2009,YR2009,"Gambia, The",GMB,59.334,0.8801949,99.9971000142204,6.6657243078367
2009,YR2009,Ghana,GHA,60.645,2.18075299,96.5791607272959,4.84448699844826
2009,YR2009,Guinea,GIN,56.279,0.26025116,103.477156950424,-1.11763859460218
2009,YR2009,Guinea-Bissau,GNB,54.113,2.93651843,105.571069126006,3.36897495773184
2009,YR2009,Kenya,KEN,59.932,1.68060768,91.4657602364504,3.30693981534758
2009,YR2009,Liberia,LBR,58.971,0.96319336,160.22770361991,5.30053937704309
2009,YR2009,Libya,LBY,72.129,2.94994569,..,-0.790141831553143
2009,YR2009,Mali,MLI,54.756,0.6662153,84.9956375114067,4.80632226697864
2009,YR2009,Namibia,NAM,55.207,3.45770502,94.4499036469595,0.295970983483642
2009,YR2009,Niger,NER,56.557,2.08062911,91.0842858952823,1.9626009053265
2009,YR2009,Rwanda,RWA,62.129,1.95881653,95.0693109659058,6.24825992909668
2009,YR2009,Senegal,SEN,63.607,1.39118242,93.9613908452686,2.09252708385235
2009,YR2009,Morocco,MAR,74.003,2.51896167,76.8625339520069,4.24375732083367
2009,YR2009,Tunisia,TUN,74.88,3.12067366,78.6486062729646,3.04344895484184
2009,YR2009,Zambia,ZMB,54.13,0.43821606,..,9.2203484058663
2009,YR2009,Zimbabwe,ZWE,48.449,..,110.076639027652,12.0195599268985
2009,YR2009,Benin,BEN,59.009,0.74733615,89.9809806633694,2.31929213912838
2009,YR2009,Botswana,BWA,58.447,3.36083889,71.7597645910788,-7.65231020253476
2010,YR2010,Algeria,DZA,74.938,3.55551958,51.5472598368503,3.59999999999978
2010,YR2010,Angola,AGO,55.35,1.67409551,52.8400957822127,4.40393254343761
2010,YR2010,Cameroon,CMR,55.101,0.41769195,81.5739156679357,3.4225076411544
2010,YR2010,Chad,TCD,50.89,0.85179925,72.2204407784901,13.5501008595489
2010,YR2010,Central African Republic,CAF,47.312,0.57098961,89.9263853332855,4.63081843223307
2010,YR2010,"Congo, Rep.",COG,60.093,0.88602829,39.8184006734964,9.93126543095578
2010,YR2010,Cote d'Ivoire,CIV,52.964,0.81222534,79.2571159611457,2.0176385921243
2010,YR2010,Ethiopia,ETH,61.627,0.94396871,..,12.5505383459308
2010,YR2010,"Gambia, The",GMB,59.637,0.8924976,103.447303133943,5.90833580968288
2010,YR2010,Ghana,GHA,61.03,2.38421845,100.683193858049,7.89971188935309
2010,YR2010,Guinea,GIN,56.861,0.3625516,92.5387597030025,4.82071541392241
2010,YR2010,Guinea-Bissau,GNB,54.628,1.21905351,109.533005719178,4.61097090010318
2010,YR2010,Kenya,KEN,60.959,1.77154517,91.3238266071589,8.40569922421717
2010,YR2010,Liberia,LBR,59.6,0.78597933,154.041146146146,6.09982760205581
2010,YR2010,Libya,LBY,72.044,2.5075686,..,5.02128973900766
2010,YR2010,Mali,MLI,55.251,0.66909844,88.2852118354929,5.31393527895875
2010,YR2010,Namibia,NAM,56.665,3.98765874,87.5508957330737,6.03924945422905
2010,YR2010,Niger,NER,57.333,1.79493189,86.9366946366188,8.57816674297271
2010,YR2010,Rwanda,RWA,63.433,2.13486934,95.3164570431378,7.33465610774428
2010,YR2010,Senegal,SEN,64.284,1.15321255,93.1802904993339,3.56274538992136
2010,YR2010,Morocco,MAR,74.382,2.3400414,76.7071871367687,3.8157179167666
2010,YR2010,Tunisia,TUN,75.041,3.28053451,79.1578713652475,3.5106086386031
2010,YR2010,Zambia,ZMB,55.655,0.84136677,63.9714184083072,10.2982233241213
2010,YR2010,Zimbabwe,ZWE,50.64,2.75335717,105.079099092623,19.6753231424645
2010,YR2010,Benin,BEN,59.318,0.7244271,89.6786688544423,2.11406472648392
2010,YR2010,Botswana,BWA,60.211,3.564955,68.9027420822556,8.5636307922089
2011,YR2011,Algeria,DZA,75.199,3.72015285,51.8448636123815,2.90000000000026
2011,YR2011,Angola,AGO,56.33,1.71321774,52.2182572858415,3.47197634454024
2011,YR2011,Cameroon,CMR,55.581,0.59744388,80.9285090614203,4.12927716056967
2011,YR2011,Chad,TCD,51.424,0.83746135,74.4544283124471,0.0828697984381961
2011,YR2011,Central African Republic,CAF,47.95,0.37847236,90.6098323956215,4.19461533741989
2011,YR2011,"Congo, Rep.",COG,60.785,0.68819749,40.5263760003622,2.20591936286718
2011,YR2011,Cote d'Ivoire,CIV,53.62,0.80149698,80.5340642176415,-4.38725478852277
2011,YR2011,Ethiopia,ETH,62.505,0.38117546,82.751559242302,11.1782962271641
2011,YR2011,"Gambia, The",GMB,59.917,1.01449692,95.170639963033,-8.13044422315659
2011,YR2011,Ghana,GHA,61.381,2.3686533,99.6122436209546,14.0471236303192
2011,YR2011,Guinea,GIN,57.387,0.51036745,96.6968590440302,5.61210427912495
2011,YR2011,Guinea-Bissau,GNB,55.144,0.52258492,95.3380019024172,8.08477973398716
2011,YR2011,Kenya,KEN,61.851,1.79381001,92.8204270732743,6.10826371979651
2011,YR2011,Liberia,LBR,60.146,1.4815712,153.198532110092,8.2007658404608
2011,YR2011,Libya,LBY,71.956,3.82936382,..,-62.0759195849001
2011,YR2011,Mali,MLI,55.701,0.60436165,88.7377531646758,3.21313378044307
2011,YR2011,Namibia,NAM,58.085,4.09209919,88.8960652750179,5.09133811703504
2011,YR2011,Niger,NER,58.081,1.73581052,88.0541643413238,2.35775693598637
2011,YR2011,Rwanda,RWA,64.523,2.27615142,93.6466923652398,7.95840604618591
2011,YR2011,Senegal,SEN,64.898,1.30168986,94.5285086517287,1.45838867138957
2011,YR2011,Morocco,MAR,74.696,2.35246205,78.2497253306702,5.24569729729485
2011,YR2011,Tunisia,TUN,75.206,3.62853074,83.9457221183337,-1.91717767962636
2011,YR2011,Zambia,ZMB,57.126,1.20387995,66.0092261131496,5.56460233670752
2011,YR2011,Zimbabwe,ZWE,52.896,2.1196537,102.467157611152,14.1939129572162
2011,YR2011,Benin,BEN,59.59,0.79594523,89.0551589920886,2.96375291904201
2011,YR2011,Botswana,BWA,61.91,3.54791331,64.8089955397482,6.04836145468988
2012,YR2012,Algeria,DZA,75.436,4.37613964,52.4656058712869,3.39999999999982
2012,YR2012,Angola,AGO,57.236,1.56333554,53.2522569399204,8.54218764265372
2012,YR2012,Cameroon,CMR,56.073,0.66323185,81.3790111103304,4.54326501566733
2012,YR2012,Chad,TCD,51.928,0.95546591,72.5392469258321,8.88257607170316
2012,YR2012,Central African Republic,CAF,48.638,0.62249869,99.1252074618376,5.05376125356918
2012,YR2012,"Congo, Rep.",COG,61.423,1.06106162,37.4635512355052,9.94715314257564
2012,YR2012,Cote d'Ivoire,CIV,54.271,1.03128433,79.7269742303991,10.7065041034855
2012,YR2012,Ethiopia,ETH,63.281,1.06663275,80.7653421516977,8.64781163337416
2012,YR2012,"Gambia, The",GMB,60.178,1.17241848,87.1394865370088,5.24156924630741
2012,YR2012,Ghana,GHA,61.72,1.9841187,95.481876657644,9.29278940459675
2012,YR2012,Guinea,GIN,57.905,0.51431352,94.3780141242051,5.91691173154778
2012,YR2012,Guinea-Bissau,GNB,55.645,0.57787979,103.523527393893,-1.71268301181074
2012,YR2012,Kenya,KEN,62.659,1.81927824,92.5911116013041,4.56320913071117
2012,YR2012,Liberia,LBR,60.663,0.85684013,136.886762219772,7.99381569313657
2012,YR2012,Libya,LBY,71.901,..,..,123.139555198582
2012,YR2012,Mali,MLI,56.135,0.41355813,86.2248518660781,-0.83673463153076
2012,YR2012,Namibia,NAM,59.387,3.87052751,93.3740023513426,5.06168211465989
2012,YR2012,Niger,NER,58.79,1.40913451,83.5705754937706,10.5489445758894
2012,YR2012,Rwanda,RWA,65.438,2.11704588,93.4073774155696,8.64150016870721
2012,YR2012,Senegal,SEN,65.448,1.20803773,91.8335419640787,5.11739423674786
2012,YR2012,Morocco,MAR,74.97,2.44358778,80.2467563254749,3.00996126221978
2012,YR2012,Tunisia,TUN,75.376,3.76331949,84.5482301035898,3.99767400230935
2012,YR2012,Zambia,ZMB,58.502,1.29786623,64.6112367736539,7.59759321053191
2012,YR2012,Zimbabwe,ZWE,55.032,1.99878275,113.979050438532,16.6654287684679
2012,YR2012,Benin,BEN,59.842,0.74672174,87.666957219664,4.811223315688
2012,YR2012,Botswana,BWA,63.511,3.96143532,71.2620035911594,4.45614447059577
2013,YR2013,Algeria,DZA,75.661,4.28831577,53.7934543050095,2.8
2013,YR2013,Angola,AGO,58.054,1.69516706,59.1747926563501,4.95454464636187
2013,YR2013,Cameroon,CMR,56.576,0.50069511,81.4192542775047,5.40426570971736
2013,YR2013,Chad,TCD,52.386,1.13619971,76.2651855012687,5.70000136285864
2013,YR2013,Central African Republic,CAF,49.371,0.94965333,100.938053965932,-36.3919770983887
2013,YR2013,"Congo, Rep.",COG,62.022,1.19930887,40.0696989978996,-0.712434451876447
2013,YR2013,Cote d'Ivoire,CIV,54.906,1.00606477,76.3539946466859,8.88942130155428
2013,YR2013,Ethiopia,ETH,63.961,1.0996722,82.4225180598128,10.5822700482672
2013,YR2013,"Gambia, The",GMB,60.426,1.08376515,94.8181408628098,2.872768790327
2013,YR2013,Ghana,GHA,62.064,1.87491477,83.5062637957126,7.31252500733126
2013,YR2013,Guinea,GIN,58.447,0.48858508,103.991243088846,3.93478402501792
2013,YR2013,Guinea-Bissau,GNB,56.117,0.62128633,100.341603110478,3.25590426517695
2013,YR2013,Kenya,KEN,63.419,1.85911131,94.8852181939647,5.87868056675418
2013,YR2013,Liberia,LBR,61.186,0.34013712,142.379667427454,8.70402806598014
2013,YR2013,Libya,LBY,71.907,..,..,-13.5999999741829
2013,YR2013,Mali,MLI,56.578,0.81583828,95.6136630502587,2.29506828962617
2013,YR2013,Namibia,NAM,60.513,3.9984014,93.6955695900566,5.61471965198299
2013,YR2013,Niger,NER,59.455,1.78362465,82.6246049031473,5.31513063575673
2013,YR2013,Rwanda,RWA,66.219,2.22828507,91.4668454501676,4.71985419565317
2013,YR2013,Senegal,SEN,65.939,1.16787529,91.6285962036074,2.82210564972358
2013,YR2013,Morocco,MAR,75.227,2.51814461,79.7901379071479,4.53542420003856
2013,YR2013,Tunisia,TUN,75.552,4.05165958,86.3185532862859,2.87552384230733
2013,YR2013,Zambia,ZMB,59.746,1.30987322,64.3858165214001,5.05723173979734
2013,YR2013,Zimbabwe,ZWE,56.897,2.01807022,105.471497594157,1.98949276207208
2013,YR2013,Benin,BEN,60.092,0.76462746,85.197191428339,7.19143372144946
2013,YR2013,Botswana,BWA,64.976,3.97917747,70.5700273385908,11.3433969713497
2014,YR2014,Algeria,DZA,75.878,4.71456909,55.8933782998093,3.79999999999998
2014,YR2014,Angola,AGO,58.776,1.31816018,62.4424031366128,4.82262756838996
2014,YR2014,Cameroon,CMR,57.083,0.61302048,81.1319460547091,5.88405932668046
2014,YR2014,Chad,TCD,52.789,1.23446512,74.5440862858176,6.89998504532166
2014,YR2014,Central African Republic,CAF,50.129,0.71072376,97.7527261222474,0.0810705153264877
2014,YR2014,"Congo, Rep.",COG,62.582,1.2033751,44.6662931254031,5.95520746718967
2014,YR2014,Cote d'Ivoire,CIV,55.508,1.07486784,75.3563583947612,8.79407739027731
2014,YR2014,Ethiopia,ETH,64.547,0.71479559,79.464116915399,10.2574929610051
2014,YR2014,"Gambia, The",GMB,60.667,1.09228694,96.2606130802273,-1.40738249510954
2014,YR2014,Ghana,GHA,62.416,1.43829823,82.7549232126043,2.89743883691538
2014,YR2014,Guinea,GIN,59.016,0.61062747,100.578366429227,3.7074516130114
2014,YR2014,Guinea-Bissau,GNB,56.556,0.71337199,99.7616114931949,0.96456075098132
2014,YR2014,Kenya,KEN,64.135,2.04217386,93.7871541137179,5.35712564449969
2014,YR2014,Liberia,LBR,61.723,0.81275159,160.61102735369,0.701143911750762
2014,YR2014,Libya,LBY,71.981,..,..,-24.000000034478
2014,YR2014,Mali,MLI,57.036,0.89173317,95.3667758244178,7.08468388056527
2014,YR2014,Namibia,NAM,61.425,3.77369905,90.2137059308895,5.75778729261532
2014,YR2014,Niger,NER,60.07,1.67788124,82.7397906520102,6.64213665404847
2014,YR2014,Rwanda,RWA,66.884,2.25618815,93.0865084580574,6.16716670064956
2014,YR2014,Senegal,SEN,66.37,1.08003688,89.0051487262608,6.61350010337397
2014,YR2014,Morocco,MAR,75.477,2.15468311,79.9695475136593,2.66949392694423
2014,YR2014,Tunisia,TUN,75.734,3.9573853,87.807888169724,2.97139834510902
2014,YR2014,Zambia,ZMB,60.831,1.89382207,66.7590525162673,4.69799236252986
2014,YR2014,Zimbabwe,ZWE,58.41,2.73156643,103.17209960385,2.37692932698003
2014,YR2014,Benin,BEN,60.345,0.57532829,83.1490038651796,6.35767909791932
2014,YR2014,Botswana,BWA,66.265,3.79868031,66.8768919068133,4.14926225520402
2015,YR2015,Algeria,DZA,76.09,4.91698885,62.5708628314531,3.70000000000022
2015,YR2015,Angola,AGO,59.398,1.23424065,69.1768326702311,0.943571561325001
2015,YR2015,Cameroon,CMR,57.583,0.37883022,82.9538261765601,5.6514637436283
2015,YR2015,Chad,TCD,53.137,0.96198386,78.4652367176398,2.76767568484473
2015,YR2015,Central African Republic,CAF,50.881,0.45585203,97.2043463343015,4.33712103020234
2015,YR2015,"Congo, Rep.",COG,63.097,1.55543029,59.1509975346725,-3.23525787130333
2015,YR2015,Cote d'Ivoire,CIV,56.065,1.08317327,74.5198044018807,8.84285994958891
2015,YR2015,Ethiopia,ETH,65.048,0.96540898,80.2582239654207,10.3924630202334
2015,YR2015,"Gambia, The",GMB,60.91,0.99829203,89.9878079368913,4.0580738039996
2015,YR2015,Ghana,GHA,62.772,1.62140036,84.5140464863463,2.1782067443939
2015,YR2015,Guinea,GIN,59.598,0.42931205,105.285619796795,3.81494988965694
2015,YR2015,Guinea-Bissau,GNB,56.959,0.65731406,96.6099114380137,6.13408294113292
2015,YR2015,Kenya,KEN,64.798,2.10761309,92.9375200274581,5.71850713133514
2015,YR2015,Liberia,LBR,62.269,1.17829359,166.922310355681,0
2015,YR2015,Libya,LBY,72.121,..,..,-8.8620393625491
2015,YR2015,Mali,MLI,57.509,0.91927379,94.7913248981309,6.17180002424978
2015,YR2015,Namibia,NAM,62.119,4.09861183,95.8932094179587,4.52676711552218
2015,YR2015,Niger,NER,60.631,1.48385692,84.4561507533854,4.39264883201909
2015,YR2015,Rwanda,RWA,67.45,2.16890717,94.6046162914585,8.85684435529079
2015,YR2015,Senegal,SEN,66.747,1.07820702,86.9226399204465,6.36704365066983
2015,YR2015,Morocco,MAR,75.726,2.10449672,76.7970038969583,4.53637816806425
2015,YR2015,Tunisia,TUN,75.922,3.99501467,90.8665932215598,1.19454175326123
2015,YR2015,Zambia,ZMB,61.737,2.09054136,65.4271707537858,2.92037511217961
2015,YR2015,Zimbabwe,ZWE,59.534,1.55136812,108.392819106648,1.77987270340299
2015,YR2015,Benin,BEN,60.608,0.58544803,86.5835444139701,1.77815106030278
2015,YR2015,Botswana,BWA,67.338,3.88001919,72.5980681659644,-1.69793542675974
2016,YR2016,Algeria,DZA,76.298,4.47245169,63.4029676519263,3.19999999999973
2016,YR2016,Angola,AGO,59.925,1.19753706,69.9064777187567,-2.58004964404932
2016,YR2016,Cameroon,CMR,58.063,0.37897107,82.1176688065312,4.64848155087741
2016,YR2016,Chad,TCD,53.438,0.82245749,79.587307513369,-6.25552708545281
2016,YR2016,Central African Republic,CAF,51.593,0.59953427,98.4235092222399,4.75031684122339
2016,YR2016,"Congo, Rep.",COG,63.556,1.57132375,67.7916082273885,-10.1903853384264
2016,YR2016,Cote d'Ivoire,CIV,56.567,1.15384614,76.5826290955272,7.17920782392478
2016,YR2016,Ethiopia,ETH,65.482,0.91569108,77.6013218570025,9.43348265784402
2016,YR2016,"Gambia, The",GMB,61.166,1.21677065,87.429757058336,1.94335965478776
2016,YR2016,Ghana,GHA,63.124,1.32770717,83.2756775367762,3.44779299129725
2016,YR2016,Guinea,GIN,60.17,0.66376048,100.426597368551,10.8288068402291
2016,YR2016,Guinea-Bissau,GNB,57.328,0.58008963,96.9728409510941,6.26280563780463
2016,YR2016,Kenya,KEN,65.393,2.20079875,91.7689785384178,5.87894929950137
2016,YR2016,Liberia,LBR,62.802,1.38423169,158.759128764004,-1.59958407502
2016,YR2016,Libya,LBY,72.311,..,..,-2.79546888990187
2016,YR2016,Mali,MLI,57.987,1.20928216,92.9148216746682,5.85229919941415
2016,YR2016,Namibia,NAM,62.625,4.15323544,102.618740738764,-0.280709919399342
2016,YR2016,Niger,NER,61.137,1.49731779,83.8933635211239,5.70927418699958
2016,YR2016,Rwanda,RWA,67.93,2.29062343,92.9324465914545,5.97074429808526
2016,YR2016,Senegal,SEN,67.078,1.06801915,85.6247799864509,6.35606857181878
2016,YR2016,Morocco,MAR,75.974,2.22653508,77.7662305362361,1.05985639008179
2016,YR2016,Tunisia,TUN,76.115,3.96291423,92.3109735045496,1.15960097473781
2016,YR2016,Zambia,ZMB,62.464,1.71430743,67.483271478681,3.77667914626731
2016,YR2016,Zimbabwe,ZWE,60.294,1.76681221,101.470590460999,0.755869250930601
2016,YR2016,Benin,BEN,60.885,0.57491308,83.5013125907358,3.33967342629693
2016,YR2016,Botswana,BWA,68.178,3.69899654,65.5215951410605,4.30376744802675
2017,YR2017,Algeria,DZA,76.499,4.20838118,61.5130926775516,1.29999999999994
2017,YR2017,Angola,AGO,60.379,1.29187,70.1183167626424,-0.147212941085755
2017,YR2017,Cameroon,CMR,58.511,0.14550912,81.092274867386,3.54908731822189
2017,YR2017,Chad,TCD,53.712,0.69614905,84.4888743733313,-2.98869598553931
2017,YR2017,Central African Republic,CAF,52.24,0.72881997,97.0227469908354,4.52727821346231
2017,YR2017,"Congo, Rep.",COG,63.954,1.20177305,60.9354737926877,-4.63308756037956
2017,YR2017,Cote d'Ivoire,CIV,57.017,1.26734257,78.5786083863768,7.35963808821695
2017,YR2017,Ethiopia,ETH,65.872,0.87372541,77.6399426883444,9.56418964295607
2017,YR2017,"Gambia, The",GMB,61.44,1.06097889,93.8902918343799,4.8226112492757
2017,YR2017,Ghana,GHA,63.463,1.08721828,79.0184624354996,8.14344654879852
2017,YR2017,Guinea,GIN,60.706,0.71479923,89.6606197164562,10.2999072221352
2017,YR2017,Guinea-Bissau,GNB,57.673,0.5931375,96.2980911509786,5.91917662586047
2017,YR2017,Kenya,KEN,65.909,2.06294632,94.5384261772778,4.80569652479387
2017,YR2017,Liberia,LBR,63.295,1.40308917,153.935351420123,2.46862609505123
2017,YR2017,Libya,LBY,72.52,..,..,26.6809026327981
2017,YR2017,Mali,MLI,58.452,1.24392712,92.05104567761,5.30545608438166
2017,YR2017,Namibia,NAM,63.021,3.85479021,96.6179100839348,-0.256271148296392
2017,YR2017,Niger,NER,61.599,2.59041739,87.2256319876545,4.99909716473381
2017,YR2017,Rwanda,RWA,68.341,2.25642753,88.7834838399768,3.97628969448469
2017,YR2017,Senegal,SEN,67.38,0.93829352,84.0295392081692,7.4074861863013
2017,YR2017,Morocco,MAR,76.218,2.25047708,76.9275994901439,4.24894920814332
2017,YR2017,Tunisia,TUN,76.31,4.14570951,93.0736879270598,1.91692832666639
2017,YR2017,Zambia,ZMB,63.043,1.77441943,60.7020450595325,3.50433609558682
2017,YR2017,Zimbabwe,ZWE,60.812,1.69956195,101.010063004544,4.70403539054713
2017,YR2017,Benin,BEN,61.174,0.8144052,83.1049851656584,5.67155546944753
2017,YR2017,Botswana,BWA,68.812,4.64138937,67.7109534165368,2.90399773210927
2018,YR2018,Algeria,DZA,76.693,4.09385347,59.0461708463107,1.2000000000002
2018,YR2018,Angola,AGO,60.782,1.06878364,66.8360110090907,-2.00362972730201
2018,YR2018,Cameroon,CMR,58.921,0.21037169,81.5885507032349,4.06248684068682
2018,YR2018,Chad,TCD,53.977,0.69685549,80.9558799030428,2.37403780037786
2018,YR2018,Central African Republic,CAF,52.805,0.68838823,102.194814511586,3.78944359275462
2018,YR2018,"Congo, Rep.",COG,64.29,0.78597683,54.5530030331879,-6.20400702381122
2018,YR2018,Cote d'Ivoire,CIV,57.422,1.20726717,79.5736960274613,6.89028431967284
2018,YR2018,Ethiopia,ETH,66.24,0.7701149,75.9146883285056,6.81614779681703
2018,YR2018,"Gambia, The",GMB,61.735,0.94653189,95.3235234099524,7.23489033258579
2018,YR2018,Ghana,GHA,63.78,1.37637711,81.0287906220576,6.26348073195742
2018,YR2018,Guinea,GIN,61.185,0.6463778,96.4935396383607,6.1997746873985
2018,YR2018,Guinea-Bissau,GNB,58.003,0.64091021,96.2266372877527,3.79999999834297
2018,YR2018,Kenya,KEN,66.342,2.17734981,95.4705333240952,6.31845070162866
2018,YR2018,Liberia,LBR,63.73,1.69556665,149.601715686275,1.22255131299607
2018,YR2018,Libya,LBY,72.724,..,..,15.1327998906632
2018,YR2018,Mali,MLI,58.893,1.09631753,90.6417313983644,4.74648432724561
2018,YR2018,Namibia,NAM,63.373,3.66205049,95.4691352195132,0.698369455009356
2018,YR2018,Niger,NER,62.024,2.43483281,85.9938473975781,7.21917266805082
2018,YR2018,Rwanda,RWA,68.7,2.3743403,90.9179393530695,8.57942454050658
2018,YR2018,Senegal,SEN,67.665,0.94568121,82.8645708677405,6.37955658364903
2018,YR2018,Morocco,MAR,76.453,2.13520813,77.0194404323825,3.14850265040512
2018,YR2018,Tunisia,TUN,76.505,4.18335724,92.9566439943763,2.66445332282932
2018,YR2018,Zambia,ZMB,63.51,1.92871916,57.6767511583538,4.03437823506192
2018,YR2018,Zimbabwe,ZWE,61.195,1.3242476,102.656789143585,4.82967359109212
2018,YR2018,Benin,BEN,61.47,0.49050966,80.8602202268184,6.69725946087986
2018,YR2018,Botswana,BWA,69.275,4.53097391,67.6361273736826,4.47883655345764
2019,YR2019,Algeria,DZA,..,..,60.4465374015459,0.799999999999784
2019,YR2019,Angola,AGO,..,..,67.9590539646959,-0.624644317706895
2019,YR2019,Cameroon,CMR,..,..,81.8441154559923,3.72071142232247
2019,YR2019,Chad,TCD,..,..,79.6726059782237,3.24718191743429
2019,YR2019,Central African Republic,CAF,..,..,101.280146749124,2.97027564753407
2019,YR2019,"Congo, Rep.",COG,..,..,58.7957037119484,-3.54413030584155
2019,YR2019,Cote d'Ivoire,CIV,..,..,78.7897148750544,6.23170951305083
2019,YR2019,Ethiopia,ETH,..,..,77.8753589611228,8.3640856990789
2019,YR2019,"Gambia, The",GMB,..,..,94.0678483673171,6.05676574421921
2019,YR2019,Ghana,GHA,..,..,77.9133960346365,6.47839480535899
2019,YR2019,Guinea,GIN,..,..,95.4124272065421,5.599999999926
2019,YR2019,Guinea-Bissau,GNB,..,..,101.232430612718,4.60009404540054
2019,YR2019,Kenya,KEN,..,..,95.5488503505004,5.36574896547464
2019,YR2019,Liberia,LBR,..,..,131.945403611202,-2.27824512534819
2019,YR2019,Libya,LBY,..,..,..,2.53595347758677
2019,YR2019,Mali,MLI,..,..,89.7201448235747,4.75134153416911
2019,YR2019,Namibia,NAM,..,..,99.1102156228205,-1.13409612736206
2019,YR2019,Niger,NER,..,..,85.5184729195275,5.90279178979098
2019,YR2019,Rwanda,RWA,..,..,87.2541598270357,9.42867522388025
2019,YR2019,Senegal,SEN,..,..,82.1399173962444,5.27119235758356
2019,YR2019,Morocco,MAR,..,..,76.7314123891345,2.48190512448301
2019,YR2019,Tunisia,TUN,..,..,92.8713601827045,1.04304533812767
2019,YR2019,Zambia,ZMB,..,..,59.9332998279242,1.44178454842219
2019,YR2019,Zimbabwe,ZWE,..,..,..,-8.10000019886093
2019,YR2019,Benin,BEN,..,..,78.7904773486531,6.86568733525598
2019,YR2019,Botswana,BWA,..,..,69.6764328203236,2.96612564781233
2020,YR2020,Algeria,DZA,..,..,..,..
2020,YR2020,Angola,AGO,..,..,..,..
2020,YR2020,Cameroon,CMR,..,..,..,..
2020,YR2020,Chad,TCD,..,..,..,..
2020,YR2020,Central African Republic,CAF,..,..,..,..
2020,YR2020,"Congo, Rep.",COG,..,..,..,..
2020,YR2020,Cote d'Ivoire,CIV,..,..,..,..
2020,YR2020,Ethiopia,ETH,..,..,..,..
2020,YR2020,"Gambia, The",GMB,..,..,..,..
2020,YR2020,Ghana,GHA,..,..,..,..
2020,YR2020,Guinea,GIN,..,..,..,..
2020,YR2020,Guinea-Bissau,GNB,..,..,..,..
2020,YR2020,Kenya,KEN,..,..,..,..
2020,YR2020,Liberia,LBR,..,..,..,..
2020,YR2020,Libya,LBY,..,..,..,..
2020,YR2020,Mali,MLI,..,..,..,..
2020,YR2020,Namibia,NAM,..,..,..,..
2020,YR2020,Niger,NER,..,..,..,..
2020,YR2020,Rwanda,RWA,..,..,..,..
2020,YR2020,Senegal,SEN,..,..,..,..
2020,YR2020,Morocco,MAR,..,..,..,..
2020,YR2020,Tunisia,TUN,..,..,..,..
2020,YR2020,Zambia,ZMB,..,..,..,..
2020,YR2020,Zimbabwe,ZWE,..,..,..,..
2020,YR2020,Benin,BEN,..,..,..,..
2020,YR2020,Botswana,BWA,..,..,..,..
,,,,,,,
,,,,,,,
,,,,,,,
Data from database: World Development Indicators,,,,,,,
Last Updated: 03/19/2021,,,,,,,
